zpid_index,datePosted,resoFacts.lotSize,resoFacts.hasCooling,address.city,price,bedrooms,resoFacts.hasFireplace,longitude,propertyTaxRate,resoFacts.hasGarage,resoFacts.basement,resoFacts.hasSpa,homeStatus,pageViewCount,resoFacts.taxAnnualAmount,resoFacts.homeType,resoFacts.garageSpaces,rentZestimate,resoFacts.heating,dateSold,resoFacts.hasPrivatePool,listed_by.business_name,bathrooms,yearBuilt,livingArea,zestimate,favoriteCount,address.zipcode,annualHomeownersInsurance,resoFacts.architecturalStyle,resoFacts.pricePerSquareFoot,latitude,address.streetAddress,zpid,address.state
20759728,2022-07-13,"8,371 sqft",True,Los Angeles,799000,3,False,-118.22137,0.77,True,,False,FOR_SALE,28430,4191.0,SingleFamily,2.0,4300.0,['Central'],,False,NextHome Luxe Group,3,1986.0,1826.0,814998.0,1691,90065,3356,,438.0,34.111355,3735 Division St,20759728,CA
20747508,2022-07-22,"4,930 sqft",True,Los Angeles,699000,3,True,-118.27427,0.77,False,,False,FOR_SALE,12233,4089.0,SingleFamily,,4264.0,['None'],2007-06-29,,Coldwell Banker Realty,1,1925.0,1009.0,726600.0,696,90026,2936,Spanish,693.0,34.09579,1888 Lucile Ave,20747508,CA
20636865,2022-07-22,0.35 Acres,True,Los Angeles,899000,2,False,-118.210464,0.77,False,,False,FOR_SALE,14126,8553.0,SingleFamily,,3249.0,['Central'],2015-07-17,,Coldwell Banker Realty,2,1890.0,1365.0,957700.0,1346,90031,3776,Bungalow,659.0,34.080467,2919 Johnston St,20636865,CA
20032550,2022-07-25,"5,780 sqft",True,Studio City,999999,3,True,-118.409164,0.77,False,,False,FOR_SALE,7133,9965.0,SingleFamily,,3999.0,['Central'],2021-09-24,,Amalfi Estates,2,1948.0,1155.0,1038700.0,431,91604,4200,California Bungalow,866.0,34.134235,3985 Alta Mesa Dr,20032550,CA
20524417,2022-02-11,4.60 Acres,True,Los Angeles,165000000,14,True,-118.42822,0.77,True,,False,FOR_SALE,76288,1427530.0,SingleFamily,,348014.0,['Central'],2019-07-02,True,Hilton & Hyland,27,1990.0,56500.0,140273381.0,2518,90024,693000,French,2920.0,34.073273,594 S Mapleton Dr,20524417,CA
20529375,2022-07-07,1.15 Acres,True,Los Angeles,150000000,9,True,-118.45378,0.77,True,,False,FOR_SALE,74402,535837.0,SingleFamily,,118822.0,['Central'],2020-02-24,True,Compass,14,2021.0,20841.0,128571429.0,2543,90077,630000,Architectural,7197.0,34.093254,10721 Stradella Ct,20529375,CA
20535275,2022-07-27,0.36 Acres,True,Los Angeles,3495000,4,True,-118.47041,0.77,True,,False,FOR_SALE,5354,24897.0,SingleFamily,,11395.0,['Central'],1994-07-22,True,Keller Williams Larchmont,4,1969.0,3052.0,3962800.0,305,90049,14679,Architectural,1145.0,34.05814,286 S Westgate Ave,20535275,CA
20532066,2022-06-02,5.20 Acres,True,Beverly Hills,85000000,12,True,-118.43405,0.77,False,,True,FOR_SALE,31826,378795.0,SingleFamily,,90542.0,['Other'],2016-11-01,True,Compass,24,,38000.0,,1315,90210,357000,Contemporary,2237.0,34.118523,2571 Wallingford Dr,20532066,CA
20528541,2022-04-25,1.08 Acres,True,Los Angeles,18800000,7,True,-118.467834,0.77,False,,True,FOR_SALE,21332,304459.0,SingleFamily,3.0,89581.0,"['Central', 'Forced Air', 'Fireplace(s)']",2016-12-29,True,Compass,13,2021.0,19127.0,20007600.0,903,90049,78960,French,983.0,34.086887,11630 Moraga Ln,20528541,CA
20170210,2022-07-13,"7,554 sqft",True,Chatsworth,699000,4,False,-118.57635,0.77,True,,False,FOR_SALE,7243,3167.0,SingleFamily,2.0,3660.0,['Forced Air'],,True,Keller Williams South Bay,2,1959.0,1643.0,699005.0,275,91311,2936,Traditional,425.0,34.252754,10033 Casaba Ave,20170210,CA
20798073,2022-07-15,0.58 Acres,True,Los Angeles,29950000,5,True,-118.37232,0.77,True,,True,FOR_SALE,26315,131747.0,SingleFamily,7.0,34620.0,['Central'],2014-07-01,True,The Agency,7,2022.0,13578.0,27061273.0,1363,90069,125790,Modern,2206.0,34.099377,8365 Sunset View Dr,20798073,CA
2064298430,2022-04-06,6.14 Acres,True,Beverly Hills,87500000,12,True,-118.41903,0.77,False,,True,FOR_SALE,40722,,SingleFamily,,,['Central'],,True,Westside Estate Agency Inc.,20,2014.0,30500.0,,1387,90210,367500,French,2869.0,34.124954,71 Beverly Park,2064298430,CA
243990393,2022-06-09,3.60 Acres,True,Beverly Hills,69995000,9,True,-118.432365,0.77,True,,True,FOR_SALE,30106,116649.0,SingleFamily,,75591.0,['Central'],,True,"Douglas Elliman of California, Inc.",18,1996.0,21000.0,21630200.0,1103,90210,293979,Mediterranean,3333.0,34.09407,10066 Cielo Dr,243990393,CA
95531394,2022-07-25,1.61 Acres,True,Santa Monica,69000000,7,True,-118.50356,0.77,True,,True,FOR_SALE,13991,397209.0,SingleFamily,8.0,289436.0,['Central'],2017-07-11,True,The Agency,13,2012.0,22640.0,59956600.0,470,90402,289800,Contemporary,3048.0,34.04155,1525 San Vicente Blvd,95531394,CA
19991839,2022-06-24,3.27 Acres,True,Encino,18000000,5,True,-118.48958,0.77,True,,True,FOR_SALE,21762,101544.0,SingleFamily,,,['Central'],2016-12-05,True,Hilton & Hyland,8,2001.0,7605.0,,1421,91436,75600,Architectural,2367.0,34.1509,4411 Noeline Ave,19991839,CA
20756529,2022-06-07,"5,018 sqft",True,Los Angeles,799995,3,False,-118.22529,0.77,False,,False,FOR_SALE,3461,4869.0,SingleFamily,,2893.0,['Central'],2003-02-05,,Keyes Real Estate,2,1924.0,1345.0,874100.0,215,90065,3360,Craftsman,595.0,34.098457,3596 Tacoma Ave,20756529,CA
20143614,2022-07-29,"7,539 sqft",True,North Hills,750000,3,True,-118.4825,0.77,True,,False,FOR_SALE,3859,6992.0,SingleFamily,2.0,3200.0,['Central'],2008-01-24,False,"Collin St. Johns Real Estate, Inc.",2,1988.0,1485.0,750454.0,340,91343,3150,,505.0,34.227734,16047 Bryant St,20143614,CA
20947208,2022-06-10,"5,191 sqft",True,Los Angeles,749990,3,False,-118.299545,0.77,True,,False,FOR_SALE,17147,703.0,SingleFamily,2.0,2828.0,['Wall Furnace'],2022-03-04,False,Corcoran Global Living,2,1938.0,1254.0,755347.0,813,90044,3150,Spanish,598.0,33.963825,8229 S Mariposa Ave,20947208,CA
2072238487,2022-06-18,1.26 Acres,True,Los Angeles,48000000,7,True,-118.48202,0.77,True,,True,FOR_SALE,44734,,SingleFamily,10.0,,"['Central', 'Fireplace(s)']",2021-06-04,True,The Beverly Hills Estates,11,2021.0,0.0,50737800.0,2036,90049,201600,Contemporary,,34.078785,1047 N Bundy Dr,2072238487,CA
92343942,2022-07-18,0.34 Acres,True,Beverly Hills,3495000,3,True,-118.43989,0.77,True,,False,FOR_SALE,10557,34693.0,SingleFamily,,15589.0,['Central'],2015-04-06,True,The Agency,4,2009.0,2850.0,3495033.0,733,90210,14679,Architectural,1226.0,34.111835,10062 Westwanda Dr,92343942,CA
19976441,2022-07-08,"6,759 sqft",True,Sherman Oaks,3200000,6,True,-118.463806,0.77,True,,True,FOR_SALE,12073,10104.0,SingleFamily,2.0,4087.0,['Central'],2022-01-28,True,"Beverly and Company, Inc.",6,2022.0,3800.0,3216842.0,773,91411,13440,Cape Cod,842.0,34.170578,5506 Columbus Ave,19976441,CA
20770776,2022-07-28,"3,445 sqft",True,Los Angeles,1149000,3,False,-118.18733,0.77,False,,False,FOR_SALE,5484,7246.0,SingleFamily,,3711.0,['Central'],2011-11-04,,MAISONRE,2,1971.0,1431.0,1201899.0,592,90042,4826,Mid-Century,803.0,34.114483,6176 Mount Angelus Dr,20770776,CA
20769382,2022-07-27,"5,135 sqft",True,Los Angeles,795000,2,False,-118.183754,0.77,True,,False,FOR_SALE,3300,5662.0,SingleFamily,,2184.0,['Other'],2008-07-31,,"TRG Realty Company, Inc.",1,1925.0,720.0,854100.0,298,90042,3339,Bungalow,1104.0,34.13172,6320 Tipton Way,20769382,CA
20798985,2022-02-16,0.43 Acres,True,Los Angeles,33000000,6,True,-118.38032,0.77,True,,False,FOR_SALE,17328,104885.0,SingleFamily,,98745.0,['Central'],2021-07-09,False,"Douglas Elliman of California, Inc.",10,2018.0,14000.0,29531400.0,780,90069,138600,Contemporary,2357.0,34.094875,1369 Londonderry Pl,20798985,CA
20752594,2022-07-28,"8,394 sqft",True,Los Angeles,2098000,3,True,-118.266205,0.77,True,,True,FOR_SALE,4138,11639.0,SingleFamily,,6110.0,['Central'],2011-11-16,True,Sotheby's International Realty,2,1954.0,1939.0,2426100.0,191,90039,8812,Mid-Century,1082.0,34.104733,2424 W Silver Lake Dr,20752594,CA
20800064,2022-07-28,"8,942 sqft",True,Los Angeles,2199000,3,True,-118.38377,0.77,False,,False,FOR_SALE,3832,7235.0,SingleFamily,0.0,7495.0,['Central'],1996-12-19,,Berkshire Hathaway HomeServices California,3,1938.0,1813.0,2014000.0,202,90046,9236,Cottage,1213.0,34.106216,8912 Appian Way,20800064,CA
20530448,2022-06-30,"10,315 sqft",True,Los Angeles,16500000,4,True,-118.46015,0.77,True,,False,FOR_SALE,26588,13512.0,SingleFamily,,18164.0,['Central'],1997-03-06,True,Compass,5,2022.0,7440.0,15596841.0,1604,90077,69300,Architectural,2218.0,34.097973,1254 Roberto Ln,20530448,CA
19946385,2022-08-01,0.59 Acres,True,Tarzana,1499000,4,True,-118.558044,0.77,True,,False,FOR_SALE,393,10213.0,SingleFamily,2.0,5674.0,['Central'],2019-09-27,False,Rodeo Realty,4,1960.0,2585.0,1650300.0,13,91356,6296,Modern,580.0,34.15772,19481 Rosita St,19946385,CA
20546191,2022-07-15,0.64 Acres,True,Pacific Palisades,57500000,7,True,-118.503815,0.77,True,,False,FOR_SALE,17580,410869.0,SingleFamily,,128198.0,['Central'],2016-08-22,True,Hilton & Hyland,11,2016.0,13653.0,51027119.0,742,90272,241500,Modern,4212.0,34.061195,1601 Casale Rd,20546191,CA
20531011,2022-06-06,0.28 Acres,True,Los Angeles,19950000,8,True,-118.46293,0.77,False,,False,FOR_SALE,12168,49840.0,SingleFamily,,61678.0,['Central'],2021-06-01,,"Nightfall Realty, Inc.",11,2020.0,11624.0,18003658.0,748,90077,83790,Modern,1716.0,34.115887,2304 Donella Cir,20531011,CA
19875192,2022-07-09,"7,531 sqft",True,Woodland Hills,1329000,3,False,-118.641754,0.77,True,,True,FOR_SALE,10635,3588.0,SingleFamily,,3882.0,['Central'],2021-11-19,True,Keller Williams Studio City,3,1959.0,1675.0,1329005.0,397,91367,5582,Modern,793.0,34.183147,6179 Le Sage Ave,19875192,CA
19954141,2022-07-27,0.36 Acres,True,Van Nuys,975000,3,True,-118.5031,0.77,True,,False,FOR_SALE,2267,6818.0,SingleFamily,2.0,3644.0,['Central'],2013-09-06,True,Rodeo Realty,2,1953.0,1653.0,1038600.0,167,91406,4095,,590.0,34.212955,7831 Paso Robles Ave,19954141,CA
19992238,2022-07-05,0.42 Acres,True,Encino,11800000,7,True,-118.47857,0.77,True,,False,FOR_SALE,16060,37122.0,SingleFamily,3.0,10900.0,['Central'],2021-05-06,True,Rodeo Realty,8,2022.0,9284.0,3662100.0,1125,91436,49560,,1271.0,34.150673,15825 Woodvale Rd,19992238,CA
20533813,2021-08-19,36.73 Acres,True,Beverly Hills,250000000,19,True,-118.40625,0.77,True,,False,FOR_SALE,59242,33979.0,SingleFamily,,,['Central'],2012-04-02,True,Hilton & Hyland,33,2021.0,78000.0,,914,90210,1050000,Contemporary,3205.0,34.107742,9650 Cedarbrook Dr,20533813,CA
20799160,2022-07-27,0.67 Acres,True,Los Angeles,48000000,5,True,-118.38367,0.77,True,,True,FOR_SALE,7146,296205.0,SingleFamily,,180392.0,['Central'],2014-07-14,True,The Beverly Hills Estates,8,2018.0,15642.0,42326929.0,321,90069,201600,Architectural,3069.0,34.09458,1301 Collingwood Pl,20799160,CA
19992265,2021-11-27,1.26 Acres,True,Encino,26000000,9,True,-118.48233,0.77,True,,False,FOR_SALE,15753,107765.0,SingleFamily,,86485.0,['Central'],2019-09-19,True,Compass,13,2021.0,19500.0,22103684.0,740,91436,109200,Contemporary,1333.0,34.14837,16041 Woodvale Rd,19992265,CA
20751041,2022-06-03,"6,747 sqft",True,Los Angeles,800000,5,False,-118.25499,0.77,True,,False,FOR_SALE,18906,6318.0,SingleFamily,,6766.0,"['Forced Air', 'Natural Gas']",2009-10-23,,Harcourts Beverly Hills,5,1910.0,2291.0,841800.0,531,90039,3360,Traditional,349.0,34.113907,3261 Larga Ave,20751041,CA
20785867,2022-07-25,"6,499 sqft",True,Los Angeles,4695000,5,True,-118.35916,0.77,False,,False,FOR_SALE,2666,21747.0,SingleFamily,,16325.0,['Central'],2021-07-22,True,"Madison Residential Realty, Inc.",6,2021.0,5368.0,4887000.0,205,90046,19719,Modern,875.0,34.085804,812 N Ogden Dr,20785867,CA
19978614,2022-07-15,0.49 Acres,True,Encino,5795000,5,True,-118.51379,0.77,True,,True,FOR_SALE,15858,48512.0,SingleFamily,3.0,17744.0,['Central'],2018-07-31,True,The Agency,7,2014.0,6260.0,5531600.0,1061,91316,24339,Mediterranean,926.0,34.168713,5356 Encino Ave,19978614,CA
20802869,2022-07-14,1.59 Acres,True,Los Angeles,14995000,6,True,-118.36863,0.77,True,,False,FOR_SALE,12452,63033.0,SingleFamily,4.0,,['Central'],2017-08-18,True,The Agency,8,1992.0,11158.0,,809,90046,62979,Contemporary,1344.0,34.121223,2727 Cardwell Pl,20802869,CA
20444103,2022-07-07,"2,857 sqft",True,Venice,2999000,3,True,-118.46606,0.77,True,,True,FOR_SALE,16500,8174.0,SingleFamily,2.0,9293.0,['Forced Air'],,,Rodeo Realty - Beverly Hills,3,1981.0,2005.0,3002335.0,901,90291,12596,Architectural,1496.0,33.98363,240 Howland Canal,20444103,CA
20801365,2022-07-28,0.26 Acres,True,Los Angeles,2549000,3,True,-118.384346,0.77,True,,False,FOR_SALE,3569,23228.0,SingleFamily,2.0,10988.0,['Central'],2020-09-01,True,Compass,3,1962.0,2529.0,3105200.0,367,90046,10706,Ranch,1008.0,34.121643,8400 Mulholland Dr,20801365,CA
20539352,2022-07-19,1.46 Acres,True,Pacific Palisades,7995000,4,True,-118.51531,0.77,False,,False,FOR_SALE,11416,31557.0,SingleFamily,,23884.0,['Central'],,True,Compass,5,1960.0,4140.0,7995066.0,593,90272,33579,Mid-Century,1931.0,34.049824,1030 Rivas Cyn,20539352,CA
20529440,2021-11-14,4.77 Acres,True,Los Angeles,19000000,8,True,-118.45991,0.77,True,Finished,True,FOR_SALE,19942,185544.0,SingleFamily,8.0,70246.0,['Central'],2017-10-19,True,PYC Financial,13,2012.0,17415.0,16620800.0,773,90077,79800,Custom Built,1091.0,34.104496,1714 Stone Canyon Rd,20529440,CA
20536772,2022-07-25,0.28 Acres,True,Los Angeles,11995000,6,True,-118.48503,0.77,True,,True,FOR_SALE,4383,32494.0,SingleFamily,2.0,9996.0,['Central'],2020-12-10,True,"Douglas Elliman of California, Inc.",7,2022.0,7420.0,11488802.0,250,90049,50379,Contemporary,1617.0,34.06651,417 N Kenter Ave,20536772,CA
19918918,2022-07-15,"5,361 sqft",True,Reseda,1499000,4,False,-118.529686,0.77,True,,False,FOR_SALE,5859,1917.0,SingleFamily,2.0,5994.0,['Central'],2022-04-01,False,Capital Assistance Group,3,1970.0,2483.0,1499005.0,397,91335,6296,,604.0,34.182457,6218 Wynne Ave,19918918,CA
20530446,2022-06-11,0.36 Acres,True,Los Angeles,11595000,6,True,-118.4589,0.77,True,,False,FOR_SALE,10581,42855.0,SingleFamily,3.0,13266.0,['Central'],2017-02-28,True,Keller Williams Beverly Hills,8,2022.0,7534.0,11080897.0,563,90077,48699,Modern,1539.0,34.099926,1523 Stradella Rd,20530446,CA
20542720,2022-07-25,"4,621 sqft",True,Pacific Palisades,4500000,4,True,-118.55605,0.77,True,,False,FOR_SALE,7344,2289.0,SingleFamily,2.0,15204.0,['Central'],,,Compass,3,1963.0,2467.0,4561403.0,429,90272,18900,Architectural,1824.0,34.040455,17446 Revello Dr,20542720,CA
20532043,2022-07-26,1.56 Acres,True,Beverly Hills,24500000,8,True,-118.4332,0.77,True,,True,FOR_SALE,3204,190037.0,SingleFamily,3.0,66975.0,['Central'],2013-08-23,True,Compass,12,2015.0,9749.0,18782600.0,185,90210,102900,Contemporary,2513.0,34.121185,2620 Wallingford Dr,20532043,CA
19949963,2022-06-21,0.28 Acres,True,Encino,4495000,6,True,-118.52056,0.77,True,,False,FOR_SALE,13407,41882.0,SingleFamily,2.0,15997.0,['Central'],2019-01-23,True,Compass,6,2018.0,5875.0,4495021.0,822,91316,18879,Modern,765.0,34.15843,4854 Alonzo Ave,19949963,CA
20529318,2022-05-26,1.04 Acres,True,Los Angeles,58000000,6,True,-118.45169,0.77,True,,True,FOR_SALE,26587,281561.0,SingleFamily,,112975.0,['Central'],2016-04-26,True,Westside Estate Agency Inc.,10,2020.0,15000.0,50866700.0,1096,90077,243600,Modern,3867.0,34.084667,755 Sarbonne Rd,20529318,CA
20774974,2022-06-20,0.70 Acres,True,Los Angeles,18995000,7,True,-118.33294,0.77,True,,False,FOR_SALE,14459,77144.0,SingleFamily,3.0,85400.0,['Central'],2016-03-29,True,The Agency,11,2021.0,13240.0,16647504.0,679,90020,79779,Contemporary,1435.0,34.068405,315 S Hudson Ave,20774974,CA
20952470,2022-07-29,"3,602 sqft",True,Los Angeles,250000,2,False,-118.27326,0.77,False,,False,FOR_SALE,2352,1063.0,SingleFamily,,2596.0,['None'],1991-09-19,,Central Realty Advisors Inc,1,1928.0,1116.0,251404.0,78,90003,1050,,224.0,33.956684,115 E 88th Pl,20952470,CA
19921302,2022-07-20,"5,724 sqft",True,Reseda,675000,3,False,-118.546,0.77,False,,False,FOR_SALE,10177,3989.0,SingleFamily,0.0,3349.0,['Central'],2011-01-06,True,RE/MAX One,2,1957.0,1170.0,676272.0,443,91335,2835,,577.0,34.186974,18933 Victory Blvd,19921302,CA
20797681,2022-04-26,0.53 Acres,True,Los Angeles,39995000,4,True,-118.36711,0.77,True,,False,FOR_SALE,14525,133120.0,SingleFamily,3.0,32883.0,"['Forced Air', 'Central']",2018-01-09,True,Compass,6,2022.0,,,561,90069,167979,Architectural,,34.102566,8201 Bellgave Pl,20797681,CA
20382954,2022-08-01,"6,534 sqft",True,Los Angeles,1995000,3,True,-118.402374,0.77,True,,False,FOR_SALE,100,16295.0,SingleFamily,,5962.0,['Central'],2019-08-15,,Compass,2,1950.0,2103.0,2190900.0,8,90045,8379,Traditional,949.0,33.975094,6431 Firebrand St,20382954,CA
20533522,2022-07-22,"8,084 sqft",True,Beverly Hills,2495000,3,True,-118.40881,0.77,True,,False,FOR_SALE,5656,26315.0,SingleFamily,2.0,8500.0,['Central'],2021-02-04,True,Pardee Properties,2,1960.0,2404.0,2743600.0,380,90210,10479,Mid-Century,1038.0,34.128742,3027 Franklin Canyon Dr,20533522,CA
20799904,2022-05-20,0.51 Acres,True,Los Angeles,34000000,5,True,-118.38525,0.77,True,,True,FOR_SALE,23462,181031.0,SingleFamily,2.0,64380.0,['Central'],2019-01-29,,Compass,8,2022.0,14000.0,30560919.0,849,90069,142800,Modern,2429.0,34.09708,1410 Tanager Way,20799904,CA
20785236,2022-07-30,"6,507 sqft",True,Los Angeles,3495000,5,False,-118.35604,0.77,True,,False,FOR_SALE,1344,31748.0,SingleFamily,,14642.0,['Central'],2019-10-04,True,KW Advisors,4,2019.0,,3260500.0,70,90036,14679,Traditional,,34.08251,620 N Stanley Ave,20785236,CA
19941354,2022-07-30,0.38 Acres,True,Woodland Hills,1795000,4,True,-118.57669,0.77,True,,True,FOR_SALE,1304,8663.0,SingleFamily,3.0,7194.0,['Central'],,True,Michael Green Realty & Inv.,3,1962.0,3200.0,1806859.0,70,91364,7539,Mid Century Modern,561.0,34.158413,20351 Wells Dr,19941354,CA
19994473,2022-07-29,0.36 Acres,True,Encino,6995000,5,True,-118.4956,0.77,True,,True,FOR_SALE,2112,19456.0,SingleFamily,3.0,8600.0,['Central'],2020-10-09,True,Compass,7,2022.0,6525.0,6995000.0,164,91436,29379,,1072.0,34.14261,16657 Oldham St,19994473,CA
20801085,2022-05-06,0.63 Acres,True,Los Angeles,5995000,4,True,-118.37008,0.77,True,,True,FOR_SALE,15595,29073.0,SingleFamily,,19083.0,"['Central', 'Fireplace(s)']",2021-06-15,True,"Nightfall Realty, Inc.",5,,4512.0,5843227.0,546,90046,25179,Contemporary,1329.0,34.11528,2393 Mount Olympus Dr,20801085,CA
20044984,2022-07-20,"6,163 sqft",True,Los Angeles,2899000,3,True,-118.35332,0.77,False,,True,FOR_SALE,6404,16861.0,SingleFamily,,3924.0,['Central'],2018-10-25,True,Coldwell Banker Realty,4,1954.0,2168.0,2841020.0,350,90068,12176,Mid-Century,1337.0,34.130875,3409 Oak Glen Dr,20044984,CA
20523381,2022-07-28,0.40 Acres,True,Beverly Hills,22950000,5,True,-118.41735,0.77,True,,False,FOR_SALE,3640,75700.0,SingleFamily,8.0,88168.0,['Central'],2016-08-01,True,The Beverly Hills Estates,9,2022.0,11220.0,21045227.0,173,90210,96390,Architectural,2045.0,34.09508,1332 Laurel Way,20523381,CA
20528999,2022-04-13,1.14 Acres,True,Los Angeles,25950000,6,True,-118.4647,0.77,True,,False,FOR_SALE,11021,92315.0,SingleFamily,,29711.0,['Central'],2018-04-20,,Hilton & Hyland,8,2022.0,9171.0,23325172.0,527,90049,108990,Modern,2830.0,34.0833,890 Linda Flora Dr,20528999,CA
20528925,2022-05-02,1.30 Acres,True,Los Angeles,19995000,6,True,-118.46356,0.77,True,,True,FOR_SALE,9310,256103.0,SingleFamily,3.0,81559.0,['Central'],2020-08-28,True,"Douglas Elliman of California, Inc.",9,2017.0,10044.0,18290881.0,452,90049,83979,Architectural,1991.0,34.08943,11507 Orum Rd,20528925,CA
20032624,2022-07-23,0.89 Acres,True,Beverly Hills,17500000,5,True,-118.41473,0.77,True,,False,FOR_SALE,5991,59250.0,SingleFamily,5.0,18949.0,['Central'],2015-10-19,False,Keller Williams Beverly Hills,8,2022.0,9500.0,11027500.0,379,90210,73500,Architectural,1842.0,34.128025,12945 Mulholland Dr,20032624,CA
20181424,2022-08-01,"7,622 sqft",True,Winnetka,860000,4,True,-118.57499,0.77,True,,False,FOR_SALE,45,5864.0,SingleFamily,2.0,3713.0,['Central'],2003-09-05,False,Pinnacle Estate Properties,2,1959.0,1892.0,836600.0,2,91306,3612,Traditional,455.0,34.23017,20249 Acre St,20181424,CA
19990568,2022-07-30,0.53 Acres,True,Sherman Oaks,2595000,4,True,-118.475655,0.77,True,,True,FOR_SALE,1540,10492.0,SingleFamily,,8852.0,['Central'],1998-08-11,True,Berkshire Hathaway HomeServices California,3,1959.0,2876.0,2640661.0,93,91403,10899,Traditional,902.0,34.13545,3571 Crownridge Dr,19990568,CA
79804016,2022-07-30,"6,774 sqft",True,Sherman Oaks,1850000,4,True,-118.4463,0.77,True,,True,FOR_SALE,1669,12956.0,SingleFamily,2.0,12146.0,"['Central', 'Fireplace(s)']",2008-09-09,True,Coldwell Banker Realty,4,2005.0,3277.0,1872721.0,103,91423,7770,"Contemporary,Mediterranean",565.0,34.153236,14349 Milbank St,79804016,CA
19994370,2022-06-27,0.31 Acres,True,Encino,6895000,5,True,-118.49823,0.77,True,,False,FOR_SALE,13562,17309.0,SingleFamily,3.0,9995.0,['Central'],2020-06-10,True,Coldwell Banker Realty,7,2022.0,6427.0,6895020.0,918,91436,28959,Contemporary,1073.0,34.14613,16739 Octavia Pl,19994370,CA
20802500,2022-07-15,0.37 Acres,True,Los Angeles,6390000,5,True,-118.357124,0.77,False,,False,FOR_SALE,9353,42042.0,SingleFamily,,14899.0,['Central'],2017-06-09,True,Nourmand & Associates-HW,6,1948.0,4114.0,6390062.0,800,90046,26838,Mid-Century,1553.0,34.120697,2714 Nichols Canyon Rd,20802500,CA
20808971,2022-07-27,0.60 Acres,True,Los Angeles,6995000,5,True,-118.29581,0.77,True,,True,FOR_SALE,3550,42939.0,SingleFamily,2.0,18768.0,['Central'],2000-11-28,True,Coldwell Banker Realty,6,1924.0,5200.0,6194900.0,170,90027,29379,Spanish,1345.0,34.112633,2310 N Catalina St,20808971,CA
20808665,2022-07-25,0.35 Acres,True,Los Angeles,7995000,5,True,-118.300415,0.77,True,,False,FOR_SALE,3784,62935.0,SingleFamily,,24189.0,['Central'],2016-03-09,True,Compass,6,1923.0,5618.0,6954800.0,221,90027,33579,Spanish,1423.0,34.110493,2230 Nottingham Ave,20808665,CA
20802481,2022-07-15,"6,534 sqft",True,Los Angeles,1998000,3,True,-118.36746,0.77,False,,False,FOR_SALE,9871,10723.0,SingleFamily,,6981.0,['Central'],2021-03-22,,Corcoran Global Living,2,1947.0,1671.0,1742200.0,479,90046,8392,Craftsman,1196.0,34.108406,8012 Happy Ln,20802481,CA
20795087,2022-07-30,0.69 Acres,True,Los Angeles,24995000,6,True,-118.35786,0.77,True,,True,FOR_SALE,2570,62414.0,SingleFamily,,3427.0,['Central'],2012-12-18,True,The Agency,9,2021.0,10365.0,22040866.0,122,90046,104979,Modern,2411.0,34.10426,1871 N Stanley Ave,20795087,CA
20031107,2022-07-25,"10,619 sqft",True,Studio City,1875000,3,True,-118.38086,0.77,True,,False,FOR_SALE,3767,10432.0,SingleFamily,2.0,7637.0,['Central'],2000-06-29,True,Sotheby's International Realty,3,1964.0,2018.0,1979100.0,259,91604,7875,Mid-Century,929.0,34.131855,11473 Dona Pegita Dr,20031107,CA
20523657,2022-06-17,1.11 Acres,True,Beverly Hills,58000000,9,True,-118.42458,0.77,True,,True,FOR_SALE,20690,207081.0,SingleFamily,,92281.0,['Central'],2016-09-01,True,The Beverly Hills Estates,12,2019.0,14500.0,26912500.0,538,90210,243600,Modern,4000.0,34.093098,1251 Tower Grove Dr,20523657,CA
19899920,2022-07-22,"8,058 sqft",True,Woodland Hills,1595000,4,True,-118.61026,0.77,True,,False,FOR_SALE,6263,11934.0,SingleFamily,,5962.0,"['Central', 'Zoned']",2015-05-13,,Compass,3,1962.0,2760.0,1548800.0,315,91364,6699,Mid-Century,578.0,34.164055,22248 Cass Ave,19899920,CA
20531956,2022-07-22,"5,736 sqft",True,Los Angeles,1394000,3,True,-118.44635,0.77,True,,False,FOR_SALE,5117,11178.0,SingleFamily,2.0,5684.0,['Central'],2013-04-24,,Compass,2,1926.0,1961.0,1522200.0,222,90077,5855,Traditional,711.0,34.11322,2426 N Beverly Glen Blvd,20531956,CA
243991521,2022-07-30,0.25 Acres,True,Porter Ranch,3995000,5,True,-118.57593,0.77,True,,True,FOR_SALE,1551,32289.0,SingleFamily,2.0,29000.0,['Central'],2017-01-18,True,RE/MAX One,6,2016.0,5710.0,3995020.0,111,91326,16779,,700.0,34.283215,20272 Jubilee Way,243991521,CA
20788034,2022-07-28,"6,551 sqft",True,Los Angeles,2595000,4,True,-118.36515,0.77,False,,False,FOR_SALE,2801,24637.0,SingleFamily,,5999.0,['Central'],2017-10-30,,Keller Williams Larchmont,3,1927.0,2521.0,2649637.0,193,90046,10899,Spanish,1029.0,34.08755,911 N Laurel Ave,20788034,CA
20784180,2022-07-29,"1,812 sqft",True,Los Angeles,999000,2,False,-118.3481,0.77,False,,False,FOR_SALE,2475,10437.0,SingleFamily,,3750.0,['Central'],2020-08-20,,Compass,2,1928.0,934.0,1034599.0,204,90046,4196,Spanish,1070.0,34.085434,7267 Waring Ave,20784180,CA
20808063,2022-07-22,0.43 Acres,True,Los Angeles,4595000,4,True,-118.30955,0.77,True,,True,FOR_SALE,5162,14985.0,SingleFamily,,9444.0,['Central'],2021-08-06,True,The Agency,5,1924.0,5100.0,3711400.0,382,90068,19299,Spanish,901.0,34.112526,5500 Red Oak Dr,20808063,CA
2085249475,2022-07-28,2.12 Acres,True,Sylmar,649000,3,True,-118.448105,0.77,True,,False,FOR_SALE,2192,,SingleFamily,2.0,3095.0,['Central'],2019-04-30,,KW Advisors,3,2000.0,1436.0,654100.0,173,91342,2726,Traditional,452.0,34.293243,12256 Willowbend Ln #39,2085249475,CA
2069103621,2022-07-25,1.11 Acres,True,Pacific Palisades,37500000,7,True,-118.51121,0.77,True,,True,FOR_SALE,5131,,SingleFamily,,63240.0,['Central'],2021-07-30,True,Compass,10,1952.0,10082.0,,214,90272,157500,Farm House,3720.0,34.047375,14180 Rustic Ln,2069103621,CA
19899784,2022-07-22,0.26 Acres,True,Woodland Hills,1050000,3,True,-118.61881,0.77,True,,False,FOR_SALE,6189,4551.0,SingleFamily,2.0,4300.0,['Central'],2021-05-28,True,Beverly and Company,2,1956.0,1698.0,1050003.0,316,91364,4410,,618.0,34.160007,4968 Reforma Rd,19899784,CA
20763973,2022-07-28,"7,100 sqft",True,Los Angeles,1499000,3,False,-118.22173,0.77,True,,False,FOR_SALE,1958,10789.0,SingleFamily,2.0,5570.0,['Central'],2013-10-15,,MAISONRE,3,1963.0,2065.0,1641000.0,161,90065,6296,Mid-Century,726.0,34.118793,3536 Verdugo Vista Ter,20763973,CA
20524592,2022-07-13,1.07 Acres,True,Los Angeles,15750000,5,True,-118.42766,0.77,True,,True,FOR_SALE,11292,159654.0,SingleFamily,,61311.0,['Central'],2018-06-08,True,Douglas Elliman,11,1929.0,11083.0,14874999.0,705,90024,66150,Spanish,1421.0,34.069954,830 Birchwood Dr,20524592,CA
20797560,2022-02-25,"5,492 sqft",True,Los Angeles,899000,2,True,-118.368996,0.77,False,,False,FOR_SALE,13215,8806.0,SingleFamily,,6854.0,['Other'],2019-06-20,,Compass,2,1927.0,1257.0,912506.0,492,90046,3776,Country,715.0,34.10817,8193 Gould Ave,20797560,CA
20523735,2022-01-20,7.80 Acres,True,Beverly Hills,87000000,8,True,-118.43307,0.77,True,,False,FOR_SALE,23302,80682.0,SingleFamily,4.0,56798.0,['Central'],1998-02-24,True,Compass,14,2004.0,21800.0,71813610.0,623,90210,365400,French,3991.0,34.09855,1420 Davies Dr,20523735,CA
20558877,2022-06-06,0.78 Acres,True,Los Angeles,8975000,4,True,-118.49892,0.77,True,,True,FOR_SALE,12239,64052.0,SingleFamily,,25762.0,['Central'],2013-06-27,True,Compass,4,1989.0,6036.0,8845716.0,752,90049,37695,Contemporary,1487.0,34.071823,13162 Boca De Canon Ln,20558877,CA
20031021,2022-07-25,0.36 Acres,True,Studio City,3999000,4,True,-118.375534,0.77,True,,True,FOR_SALE,2978,31280.0,SingleFamily,3.0,18499.0,['Central'],2006-10-17,True,The Agency,5,1956.0,4550.0,3999025.0,154,91604,16796,Traditional,879.0,34.135544,3450 Wrightview Dr,20031021,CA
20023367,2022-07-25,"9,561 sqft",True,Sherman Oaks,3550000,5,True,-118.41461,0.77,True,,False,FOR_SALE,2921,31382.0,SingleFamily,,17852.0,['Central'],2019-03-29,True,Douglas Elliman,6,2015.0,4445.0,3613500.0,164,91423,14910,Traditional,799.0,34.15437,4612 Van Noord Ave,20023367,CA
20522962,2022-07-28,0.26 Acres,True,Beverly Hills,5995000,4,True,-118.40453,0.77,True,,False,FOR_SALE,2340,36865.0,SingleFamily,2.0,13934.0,['Central'],2015-04-07,True,Berkshire Hathaway HomeServices California,5,1980.0,3875.0,6033306.0,182,90210,25179,Traditional,1547.0,34.097298,1446 Lindacrest Dr,20522962,CA
20033249,2022-07-28,0.40 Acres,True,Sherman Oaks,1995000,4,True,-118.42615,0.77,True,,False,FOR_SALE,3278,18612.0,SingleFamily,2.0,7746.0,['Central'],2016-09-12,True,Douglas Elliman,4,1958.0,2139.0,2336000.0,212,91423,8379,Mid-Century,933.0,34.137646,3650 Ventura Canyon Ave,20033249,CA
20459058,2022-07-30,"8,115 sqft",True,Los Angeles,1995000,3,True,-118.427956,0.77,True,,False,FOR_SALE,1291,9143.0,SingleFamily,2.0,6587.0,['Central'],1999-09-29,,Berkshire Hathaway HomeServices California,2,1948.0,2193.0,2050934.0,83,90066,8379,Cottage,910.0,34.020565,3338 Corinth Ave,20459058,CA
19994935,2022-07-30,"8,119 sqft",True,Encino,2395000,4,True,-118.503334,0.77,True,,False,FOR_SALE,1289,18378.0,SingleFamily,,7429.0,['Central'],2016-01-20,,Compass,3,1966.0,2606.0,2419122.0,47,91436,10059,Mid-Century,919.0,34.13199,3456 Ardsley Pl,19994935,CA
19944192,2022-07-28,"6,164 sqft",True,Woodland Hills,949000,3,True,-118.5994,0.77,True,,False,FOR_SALE,1847,7723.0,SingleFamily,2.0,4359.0,['Central'],2013-07-31,False,Beverly and Company,3,1977.0,1887.0,1004173.0,144,91364,3986,,503.0,34.15555,21602 Yucatan Ave,19944192,CA
2063331929,2022-05-11,9.85 Acres,True,Beverly Hills,79500000,12,True,-118.41823,0.77,True,,False,FOR_SALE,17504,,SingleFamily,8.0,,['Central'],,True,Sotheby's International Realty,18,1998.0,31608.0,,380,90210,333900,Villa,2515.0,34.12256,67 Beverly Park Ct #67-68-69,2063331929,CA
19948879,2022-07-28,0.48 Acres,True,Tarzana,1949000,4,True,-118.56357,0.77,True,,True,FOR_SALE,2582,2827.0,SingleFamily,2.0,7500.0,['Central'],,True,Rodeo Realty,3,1972.0,2463.0,1949013.0,138,91356,8186,,791.0,34.142513,19741 Midwick Ln,19948879,CA
20523852,2022-07-30,"8,746 sqft",True,Beverly Hills,8750000,4,True,-118.43307,0.77,True,,False,FOR_SALE,2277,29565.0,SingleFamily,2.0,3549.0,['Central'],2017-06-29,True,Coldwell Banker Realty,5,2022.0,5300.0,,123,90210,36750,Modern,1651.0,34.09208,1200 Angelo Dr,20523852,CA
20045599,2022-04-11,"2,792 sqft",True,Los Angeles,1299000,2,True,-118.34543,0.77,False,,False,FOR_SALE,10867,12215.0,SingleFamily,0.0,4749.0,['Central'],2016-10-12,,Power Brokers International,2,1938.0,1026.0,1306224.0,541,90068,5456,French Normandy,1266.0,34.121952,6937 Vanland Trl,20045599,CA
20537671,2022-07-29,0.28 Acres,True,Los Angeles,11949000,5,True,-118.48007,0.77,True,,False,FOR_SALE,1981,52979.0,SingleFamily,2.0,19242.0,['Central'],2020-06-18,True,Compass,7,1991.0,7401.0,11526366.0,88,90049,50186,Traditional,1615.0,34.058678,12318 19th Helena Dr,20537671,CA
19900608,2022-07-14,0.25 Acres,True,Woodland Hills,1799950,4,True,-118.62466,0.77,True,,False,FOR_SALE,4496,1925.0,SingleFamily,2.0,5145.0,['Central'],2022-02-08,True,"Pinnacle Estate Properties, Inc.",3,1959.0,2115.0,1799964.0,323,91364,7560,,851.0,34.148594,22844 Brenford St,19900608,CA
19898787,2022-06-03,1.09 Acres,True,Woodland Hills,2949000,5,True,-118.621475,0.77,True,,True,FOR_SALE,9463,13629.0,SingleFamily,3.0,15000.0,"['Central', 'Fireplace(s)']",1993-09-20,True,Rodeo Realty,5,1989.0,5580.0,2942266.0,571,91364,12386,"Custom Built,Tudor",528.0,34.15536,22963 Cass Ave,19898787,CA
2062318910,2022-07-30,0.27 Acres,True,Porter Ranch,3595000,5,True,-118.57512,0.77,True,,False,FOR_SALE,891,,SingleFamily,4.0,,['Central'],,,Pinnacle Estate Properties - N,7,2022.0,5611.0,,41,91326,15099,Modern,641.0,34.28599,20254 W Willoughby Ln,2062318910,CA
20797584,2022-07-27,"2,509 sqft",True,Los Angeles,1395000,3,True,-118.372154,0.77,True,,False,FOR_SALE,3532,9173.0,SingleFamily,2.0,7500.0,['Central'],2002-04-02,False,Keller Williams Shoreline,2,1989.0,1901.0,1475000.0,139,90046,5859,,734.0,34.105465,8278 Kirkwood Dr,20797584,CA
19991133,2022-06-25,0.36 Acres,True,Encino,5649000,6,True,-118.477165,0.77,True,,True,FOR_SALE,12191,47116.0,SingleFamily,2.0,17893.0,['Central'],2021-04-19,True,The Agency,5,1955.0,6220.0,5334200.0,813,91436,23726,Contemporary,908.0,34.151257,4410 Densmore Ave,19991133,CA
20744785,2022-07-29,"6,342 sqft",True,Los Angeles,1435000,4,False,-118.27285,0.77,True,,True,FOR_SALE,2547,9136.0,SingleFamily,2.0,3666.0,"['Central', 'Forced Air']",2003-12-29,,Compass,2,1955.0,1378.0,1503600.0,152,90026,6027,Mid-Century,1041.0,34.08663,1539 Elevado St,20744785,CA
2139103883,2022-07-28,"3,270 sqft",True,Venice,1899000,3,False,-118.4565,0.77,True,,False,FOR_SALE,1953,,SingleFamily,2.0,8220.0,['Central'],2016-07-12,False,Bayside,3,2006.0,1974.0,2317200.0,177,90291,7976,,962.0,33.9918,824 Venice Blvd,2139103883,CA
20029195,2022-07-29,"6,172 sqft",True,Studio City,1395000,3,True,-118.41222,0.77,False,,False,FOR_SALE,4806,14930.0,SingleFamily,,4548.0,['Central'],2019-04-08,True,Corcoran Global Living,2,1935.0,1397.0,1404596.0,422,91604,5859,Spanish,999.0,34.148033,4236 Alcove Ave,20029195,CA
20785964,2022-07-22,"5,553 sqft",True,Los Angeles,2199000,4,True,-118.35811,0.77,True,,False,FOR_SALE,3987,16326.0,SingleFamily,,3786.0,['Central'],2022-03-01,True,ACME Real Estate,3,1922.0,1528.0,2199018.0,340,90046,9236,Bungalow,1439.0,34.08429,714 N Genesee Ave,20785964,CA
20853071,2022-07-29,"5,599 sqft",True,Los Angeles,1249000,4,True,-118.19215,0.77,True,,False,FOR_SALE,2314,3301.0,SingleFamily,2.0,4949.0,"['Central', 'Fireplace(s)']",,False,"Sync Brokerage, Inc.",2,1929.0,1997.0,1257400.0,129,90041,5246,Tudor,625.0,34.137516,4960 Wiota St,20853071,CA
21313307,2022-06-08,"2,500 sqft",True,San Pedro,799000,2,False,-118.28859,0.77,False,,False,FOR_SALE,6272,2934.0,SingleFamily,0.0,2962.0,['Has Heating (Unspecified Type)'],2022-01-19,False,Avenue 8 Inc,2,1923.0,1040.0,800143.0,285,90731,3356,Mid Century Modern,768.0,33.717163,2936 S Denison Ave,21313307,CA
19947032,2022-07-28,0.48 Acres,True,Tarzana,6299000,6,True,-118.54459,0.77,True,,False,FOR_SALE,2227,50918.0,SingleFamily,,15767.0,['Central'],2020-02-10,True,Harcourts Beverly Hills,8,2019.0,7113.0,6299041.0,166,91356,26456,Modern,886.0,34.160988,4940 Brewster Dr,19947032,CA
20799550,2022-05-20,1.01 Acres,True,Los Angeles,34950000,4,True,-118.38531,0.77,True,,False,FOR_SALE,11841,69664.0,SingleFamily,,126930.0,"['Central', 'Fireplace(s)']",2014-06-03,True,The Beverly Hills Estates,7,2019.0,11644.0,31579015.0,474,90069,146790,Modern,3002.0,34.09483,8905 Devlin Pl,20799550,CA
20031498,2022-07-28,"9,922 sqft",True,Studio City,2795000,3,True,-118.36823,0.77,True,,True,FOR_SALE,1395,12221.0,SingleFamily,2.0,8464.0,['Central'],2012-04-25,True,The Agency,3,1962.0,2490.0,2359200.0,124,91604,11739,Mid-Century,1122.0,34.13265,10847 Alta View Dr,20031498,CA
20522949,2022-07-25,0.35 Acres,True,Beverly Hills,18995000,4,True,-118.404655,0.77,True,,False,FOR_SALE,3478,41446.0,SingleFamily,2.0,16301.0,['Central'],2015-12-31,True,Compass,5,2021.0,9770.0,17577462.0,170,90210,79779,Contemporary,1944.0,34.096733,9420 Readcrest Dr,20522949,CA
20532816,2022-07-28,0.70 Acres,True,Beverly Hills,8999995,6,True,-118.4359,0.77,True,,True,FOR_SALE,2588,61611.0,SingleFamily,,26719.0,['Central'],2007-07-19,True,The Agency,8,1948.0,7000.0,8185500.0,226,90210,37800,Villa,1286.0,34.110847,2231 Benedict Canyon Dr,20532816,CA
70591239,2022-07-30,"5,950 sqft",True,Los Angeles,2150000,4,True,-118.42047,0.77,True,,True,FOR_SALE,1057,16585.0,SingleFamily,2.0,6994.0,['Central'],2006-11-07,,Nelson Shelton Real Estate Era Powered,3,2006.0,2275.0,2155600.0,28,90064,9030,French,945.0,34.043537,10547 Ayres Ave,70591239,CA
19993411,2022-06-23,1.15 Acres,True,Encino,7495000,6,True,-118.504654,0.77,True,,True,FOR_SALE,12737,39304.0,SingleFamily,2.0,14151.0,['Central'],2021-08-24,True,"Douglas Elliman of California, Inc.",8,1948.0,7250.0,7397395.0,892,91316,31479,,1034.0,34.154526,4611 Balboa Ave,19993411,CA
19993463,2022-07-30,0.60 Acres,True,Encino,5395000,5,True,-118.50152,0.77,True,,True,FOR_SALE,1493,27958.0,SingleFamily,,13946.0,"['Central', 'Zoned']",2018-03-16,True,Compass,8,1981.0,6175.0,5395037.0,95,91436,22659,Contemporary,874.0,34.155186,16881 Oak View Dr,19993463,CA
80384335,2022-07-30,"2,500 sqft",True,San Pedro,1198000,3,True,-118.28859,0.77,True,,False,FOR_SALE,1459,8389.0,SingleFamily,2.0,3695.0,"['Central', 'Fireplace(s)', 'Forced Air']",2009-01-16,False,Redfin Corporation,3,2008.0,2200.0,1217479.0,39,90731,5032,Contemporary,545.0,33.71234,3500 S Denison Ave,80384335,CA
20610741,2022-07-22,"8,938 sqft",True,Los Angeles,5995000,5,True,-118.335915,0.77,False,,False,FOR_SALE,3979,26953.0,SingleFamily,,5646.0,['Central'],2020-12-03,True,Compass,6,1923.0,4500.0,2872100.0,273,90005,25179,Traditional,1332.0,34.059772,834 S Tremaine Ave,20610741,CA
20544024,2022-05-30,0.76 Acres,True,Pacific Palisades,25995000,7,True,-118.53488,0.77,True,,True,FOR_SALE,11221,70139.0,SingleFamily,,4314.0,['Central'],2018-09-28,True,Compass,12,2022.0,11700.0,23457110.0,484,90272,109179,Contemporary,2222.0,34.05156,15975 Alcima Ave,20544024,CA
20177428,2022-08-01,0.45 Acres,True,Northridge,1475000,4,True,-118.51521,0.77,True,,False,FOR_SALE,53,6410.0,SingleFamily,2.0,4998.0,['Central'],2022-06-23,True,Coldwell Banker Hallmark,2,1952.0,3107.0,1372700.0,2,91325,6195,,475.0,34.23232,17441 Rayen St,20177428,CA
19933749,2022-07-26,"6,006 sqft",True,Tarzana,959000,3,True,-118.543594,0.77,True,,False,FOR_SALE,1807,6083.0,SingleFamily,2.0,3790.0,,2020-10-02,True,Petros Ayvazyan,2,1950.0,1373.0,959000.0,96,91356,4028,,698.0,34.173985,18823 Martha St,19933749,CA
20527707,2022-04-05,0.49 Acres,True,Los Angeles,24995000,9,True,-118.459404,0.77,True,,False,FOR_SALE,11292,55023.0,SingleFamily,3.0,1846.0,['Central'],2017-03-24,True,Compass,13,,14543.0,22402926.0,602,90049,104979,Contemporary,1719.0,34.075184,120 N Glenroy Ave,20527707,CA
20559735,2022-07-22,0.65 Acres,True,Los Angeles,15995000,6,True,-118.48385,0.77,True,,True,FOR_SALE,5171,58424.0,SingleFamily,4.0,,['Central'],2018-05-16,True,Douglas Elliman,8,1995.0,8700.0,,267,90049,67179,Contemporary,1839.0,34.07888,1043 N Bundy Dr,20559735,CA
20535283,2022-07-27,0.30 Acres,True,Los Angeles,7495000,7,True,-118.471176,0.77,True,,False,FOR_SALE,3128,61432.0,SingleFamily,,24716.0,['Central'],2017-01-05,True,Rodeo Realty Inc.,8,1949.0,6970.0,7072000.0,118,90049,31479,Traditional,1075.0,34.056282,356 S Westgate Ave,20535283,CA
20454441,2022-07-29,"4,900 sqft",True,Los Angeles,1849000,3,True,-118.451004,0.77,False,,False,FOR_SALE,2013,20572.0,SingleFamily,,5393.0,['Central'],2021-06-29,,Compass,3,1950.0,1481.0,1957500.0,98,90066,7766,Traditional,1248.0,34.005245,3448 Redwood Ave,20454441,CA
20600357,2022-07-29,"4,830 sqft",True,Los Angeles,1595000,3,False,-118.362495,0.77,True,,False,FOR_SALE,1352,12081.0,SingleFamily,2.0,4550.0,['Central'],2014-06-17,,Keller Williams Realty Los Feliz,2,1931.0,1358.0,1644500.0,146,90019,6699,Spanish,1175.0,34.047646,1543 S Stanley Ave,20600357,CA
20523141,2022-07-29,"5,906 sqft",True,Beverly Hills,2595000,4,True,-118.41981,0.77,True,,False,FOR_SALE,1313,13141.0,SingleFamily,2.0,13646.0,['Central'],2002-03-06,,Compass,3,1976.0,3148.0,2601938.0,64,90210,10899,Contemporary,824.0,34.095856,1356 Summitridge Dr,20523141,CA
20173154,2022-07-30,"7,570 sqft",True,Chatsworth,878000,5,True,-118.57332,0.77,True,,False,FOR_SALE,748,4721.0,SingleFamily,0.0,4350.0,"['Central', 'Wall']",,,"The Passman Group, Inc.",3,1958.0,2229.0,883859.0,39,91311,3688,Ranch,394.0,34.246574,9710 Laramie Ave,20173154,CA
19873932,2022-07-28,"7,346 sqft",True,Woodland Hills,1099000,5,False,-118.65024,0.77,True,,False,FOR_SALE,1279,10235.0,SingleFamily,2.0,4599.0,['Central'],2019-06-26,False,JohnHart Real Estate,3,1960.0,1950.0,1099010.0,100,91367,4616,,564.0,34.183643,24017 Sylvan St,19873932,CA
20766994,2022-07-29,"5,675 sqft",True,Los Angeles,1395000,3,False,-118.21092,0.77,False,,False,FOR_SALE,1345,14203.0,SingleFamily,,3839.0,['Central'],2018-09-07,,Compass,2,1918.0,1342.0,1566100.0,84,90042,5859,Architectural,1039.0,34.115536,922 Farnam St,20766994,CA
20171131,2022-07-26,0.39 Acres,True,Chatsworth,839000,3,True,-118.61074,0.77,True,,False,FOR_SALE,1530,2194.0,SingleFamily,2.0,4023.0,['Central'],,True,Coldwell Banker Quality Properties,3,1955.0,1852.0,839001.0,92,91311,3524,Mid Century Modern,453.0,34.253784,10103 Farralone Ave,20171131,CA
20522979,2022-07-23,0.46 Acres,True,Beverly Hills,12888888,6,True,-118.40221,0.77,True,,False,FOR_SALE,5283,109002.0,SingleFamily,3.0,38106.0,['Central'],2019-02-01,True,IRN Realty,7,2015.0,7181.0,13120100.0,216,90210,54133,Contemporary,1795.0,34.09689,9311 Readcrest Dr,20522979,CA
20524392,2022-07-08,2.81 Acres,True,Los Angeles,75000000,17,True,-118.43153,0.77,False,,False,FOR_SALE,18302,379502.0,SingleFamily,,271701.0,['Central'],,True,Hilton & Hyland,25,1939.0,29108.0,64285714.0,574,90077,315000,Traditional,2577.0,34.081066,10250 W Sunset Blvd,20524392,CA
19877858,2022-07-21,"5,975 sqft",True,Woodland Hills,800000,5,True,-118.62182,0.77,True,,False,FOR_SALE,4069,5103.0,SingleFamily,2.0,6089.0,['Central'],1988-05-16,False,Harcourts Prime Properties,4,1953.0,2256.0,1204600.0,184,91367,3360,,355.0,34.176098,22721 Hatteras St,19877858,CA
20140454,2022-07-11,"7,130 sqft",True,Granada Hills,539000,3,False,-118.48158,0.77,True,,False,FOR_SALE,13663,1526.0,SingleFamily,,3069.0,['Other'],,,Kennedy Wilson Real Estate Sales & Marke,2,1954.0,1189.0,,371,91344,2264,Other,453.0,34.271614,16034 San Fernando Mission Blvd,20140454,CA
20558875,2022-06-09,0.68 Acres,True,Los Angeles,29995000,8,True,-118.49785,0.77,True,,False,FOR_SALE,13225,61165.0,SingleFamily,3.0,17645.0,['Central'],2020-02-11,True,Compass,9,2022.0,12087.0,26884408.0,664,90049,125979,Farm House,2482.0,34.071945,13158 Boca De Canon Ln,20558875,CA
20774345,2022-06-03,0.62 Acres,True,Los Angeles,12500000,10,True,-118.320404,0.77,True,,False,FOR_SALE,13146,90850.0,SingleFamily,,37322.0,['Central'],2016-11-07,True,The Sher Group,8,1896.0,12565.0,11521000.0,508,90020,52500,Victorian,995.0,34.067425,357 Lorraine Blvd,20774345,CA
19992723,2022-06-28,0.83 Acres,True,Encino,15750000,8,True,-118.4813,0.77,True,,True,FOR_SALE,21806,84088.0,SingleFamily,3.0,53784.0,['Central'],2021-04-28,True,"Douglas Elliman of California, Inc.",14,2021.0,13000.0,14230886.0,1207,91436,66150,Contemporary,1212.0,34.142593,3950 Royal Oak Pl,19992723,CA
20801921,2022-03-28,0.32 Acres,True,Los Angeles,7995000,5,True,-118.36498,0.77,True,,False,FOR_SALE,6445,48540.0,SingleFamily,5.0,22683.0,['Central'],2009-10-21,False,Compass,7,2013.0,6162.0,7496249.0,285,90046,33579,Architectural,1297.0,34.111244,2235 Hercules Dr,20801921,CA
20559154,2022-07-28,0.47 Acres,True,Los Angeles,3495000,4,True,-118.50711,0.77,True,,True,FOR_SALE,2997,17895.0,SingleFamily,,,"['Central', 'Forced Air', 'Natural Gas']",,True,Compass,5,1964.0,3222.0,,109,90049,14679,Contemporary,1085.0,34.076824,13641 Bayliss Rd,20559154,CA
20546420,2022-05-18,1.32 Acres,True,Pacific Palisades,46500000,7,True,-118.50375,0.77,True,,False,FOR_SALE,12334,116698.0,SingleFamily,,76051.0,['Central'],,True,Hilton & Hyland,12,1952.0,16773.0,26756400.0,480,90272,195300,Villa,2772.0,34.05898,1550 Amalfi Dr,20546420,CA
19980608,2022-07-29,"9,749 sqft",True,Encino,2250000,4,True,-118.489784,0.77,False,,False,FOR_SALE,1076,19178.0,SingleFamily,0.0,9499.0,['Central'],2016-08-31,True,Berkshire Hathaway HomeServices California Properties,4,1951.0,2848.0,2280702.0,41,91436,9450,,790.0,34.15887,4908 Noeline Ave,19980608,CA
20152974,2022-07-27,"10,574 sqft",True,Northridge,899000,5,True,-118.5105,0.77,False,,False,FOR_SALE,2028,18408.0,SingleFamily,0.0,4500.0,"['Central', 'Solar']",2018-10-12,False,JohnHart Real Estate,4,1959.0,2480.0,1142800.0,96,91325,3776,,363.0,34.257263,17270 Devonshire St,20152974,CA
20184695,2022-07-07,0.31 Acres,True,Northridge,1999000,7,True,-118.51673,0.77,True,,False,FOR_SALE,12562,17413.0,SingleFamily,2.0,14704.0,['Central'],2021-07-30,True,Equity Union,7,1983.0,5978.0,1999019.0,460,91325,8396,Tudor,334.0,34.2272,17524 Napa St,20184695,CA
20797953,2022-03-31,0.35 Acres,True,Los Angeles,2495000,3,True,-118.369606,0.77,True,,False,FOR_SALE,8342,23979.0,SingleFamily,1.0,8500.0,['Central'],2007-11-30,True,Cane Properties,2,1949.0,2065.0,2471855.0,355,90069,10479,Contemporary,1208.0,34.103104,1775 N Crescent Heights Blvd,20797953,CA
20523709,2022-07-29,"8,351 sqft",True,Beverly Hills,2950000,4,True,-118.43551,0.77,True,,True,FOR_SALE,2199,19668.0,SingleFamily,2.0,13499.0,['Central'],2012-12-13,True,Sotheby's International Realty,4,1926.0,2733.0,2958948.0,79,90210,12390,Country French,1079.0,34.100025,1615 Benedict Canyon Dr,20523709,CA
20515060,2022-07-18,"5,266 sqft",True,Los Angeles,3975000,6,True,-118.3809,0.77,True,,False,FOR_SALE,5588,24255.0,SingleFamily,2.0,15319.0,['Central'],2018-03-19,True,Coldwell Banker Realty,7,2021.0,4351.0,4374600.0,314,90048,16695,Contemporary,914.0,34.06975,489 S Willaman Dr,20515060,CA
20533724,2022-03-28,1.16 Acres,True,Beverly Hills,19475000,5,True,-118.40509,0.77,True,,True,FOR_SALE,10970,226304.0,SingleFamily,2.0,69645.0,['Central'],2002-11-08,True,Hilton & Hyland,6,1959.0,5427.0,19611600.0,397,90210,81795,Other,3589.0,34.120075,9570 Hidden Valley Rd,20533724,CA
19984228,2022-05-09,"6,547 sqft",True,Sherman Oaks,1000000,3,True,-118.44462,0.77,True,,False,FOR_SALE,11712,4066.0,SingleFamily,2.0,6146.0,['Central'],1996-06-14,,Compass,3,1978.0,2254.0,1358400.0,271,91423,4200,Ranch,444.0,34.154938,14301 Hortense St,19984228,CA
2095698247,2022-06-15,1.33 Acres,True,Pacific Palisades,27495000,7,True,-118.55108,0.77,True,,False,FOR_SALE,13641,,SingleFamily,,9499.0,['Central'],,True,Hilton & Hyland,11,1966.0,11095.0,25435600.0,473,90272,115479,Contemporary,2478.0,34.05682,1051 Vista Grande,2095698247,CA
20455147,2022-07-30,"5,283 sqft",True,Los Angeles,1800000,3,True,-118.44477,0.77,False,,False,FOR_SALE,715,7746.0,SingleFamily,,4595.0,['Forced Air'],2003-10-31,,Compass,2,1931.0,1366.0,1824545.0,37,90066,7560,Other,1318.0,33.998905,3785 Maplewood Ave,20455147,CA
20529214,2022-04-08,0.56 Acres,True,Los Angeles,20000000,6,True,-118.45434,0.77,True,,False,FOR_SALE,6619,47234.0,SingleFamily,,40196.0,['Central'],1998-08-07,True,"Nightfall Realty, Inc.",8,2014.0,10000.0,18506339.0,278,90077,84000,Modern,2000.0,34.089653,1006 Chantilly Rd,20529214,CA
79798949,2022-05-17,1.12 Acres,True,Los Angeles,39500000,5,True,-118.44082,0.77,True,,False,FOR_SALE,14012,327983.0,SingleFamily,,102888.0,['Central'],2015-06-10,True,Westside Estate Agency Inc.,8,2006.0,10616.0,35682580.0,622,90077,165900,Traditional,3721.0,34.083134,385 Copa De Oro Rd,79798949,CA
20793564,2022-08-01,"10,084 sqft",True,Los Angeles,10995000,5,True,-118.343605,0.77,True,,True,FOR_SALE,305,2652.0,SingleFamily,3.0,19390.0,"['Central', 'Other']",,True,Keller Williams Beverly Hills,8,2006.0,9000.0,3790400.0,13,90068,46179,Other,1222.0,34.112366,2321 Castilian Dr,20793564,CA
20802450,2022-06-25,0.33 Acres,True,Los Angeles,2295000,3,True,-118.36554,0.77,True,,False,FOR_SALE,5706,7959.0,SingleFamily,,11999.0,['Central'],1995-03-16,True,Sotheby's International Realty,3,1976.0,2494.0,2326236.0,196,90046,9639,Traditional,920.0,34.10617,1901 Mount Olympus Dr,20802450,CA
19946185,2022-07-29,0.42 Acres,True,Woodland Hills,1799950,4,True,-118.574326,0.77,True,,False,FOR_SALE,1339,3167.0,SingleFamily,2.0,6717.0,['Central'],,True,Keller Williams Realty Calabasas,3,1972.0,2967.0,1799962.0,82,91364,7560,,607.0,34.149582,4413 Deanwood Dr,19946185,CA
20526701,2022-04-25,0.85 Acres,True,Los Angeles,47500000,7,True,-118.445366,0.77,True,,True,FOR_SALE,13152,227604.0,SingleFamily,,94312.0,"['Central', 'Zoned']",2015-07-29,True,Compass,11,2022.0,16849.0,41562500.0,490,90077,199500,Architectural,2819.0,34.0829,638 Siena Way,20526701,CA
20810724,2022-07-30,"6,764 sqft",True,Los Angeles,1525000,3,True,-118.28995,0.77,True,,False,FOR_SALE,1447,13606.0,SingleFamily,2.0,5356.0,['Central'],2017-05-24,,Compass,2,1914.0,1621.0,1818800.0,99,90027,6405,Craftsman,941.0,34.10387,4607 Melbourne Ave,20810724,CA
20528946,2022-07-30,1.14 Acres,True,Los Angeles,2695000,3,True,-118.460236,0.77,True,,False,FOR_SALE,1019,9746.0,SingleFamily,,7500.0,['Central'],1997-04-11,,Berkshire Hathaway HomeServices California,3,1951.0,1892.0,2695022.0,28,90077,11319,Ranch,1424.0,34.089664,1048 Roscomare Rd,20528946,CA
20783519,2022-07-13,"6,355 sqft",True,Los Angeles,2595000,3,True,-118.33448,0.77,True,,True,FOR_SALE,6801,23272.0,SingleFamily,,5999.0,['Central'],2019-03-08,True,Keller Williams Beverly Hills,4,1924.0,2166.0,2624100.0,431,90038,10899,Spanish,1198.0,34.084736,743 N June St,20783519,CA
19924451,2022-07-29,"6,141 sqft",True,Reseda,749000,2,True,-118.558975,0.77,True,,False,FOR_SALE,1214,2530.0,SingleFamily,2.0,3308.0,['Central'],1994-06-03,False,Park Regency Realty,2,1951.0,1180.0,750459.0,67,91335,3146,Mid Century Modern,635.0,34.19223,6707 Belmar Ave,19924451,CA
20491315,2022-07-30,"7,196 sqft",True,Los Angeles,3895000,6,True,-118.3835,0.77,True,,False,FOR_SALE,1156,17355.0,SingleFamily,2.0,3928.0,['Central'],2020-08-24,True,Keller Williams Beverly Hills,7,2022.0,5880.0,3897598.0,76,90034,16359,Modern,662.0,34.043354,1917 S Bedford St,20491315,CA
20530373,2022-07-06,"9,844 sqft",True,Los Angeles,7950000,5,True,-118.4625,0.77,True,,False,FOR_SALE,8767,16325.0,SingleFamily,2.0,6997.0,['Central'],2014-03-14,True,Hilton & Hyland,6,2021.0,4438.0,7950015.0,460,90077,33390,Modern,1791.0,34.112453,2200 Stradella Rd,20530373,CA
20850825,2022-07-21,"7,159 sqft",True,Los Angeles,1060000,3,True,-118.22403,0.77,True,,False,FOR_SALE,5257,2570.0,SingleFamily,2.0,3999.0,['Central'],,False,COMPASS,2,1960.0,1365.0,1144900.0,338,90065,4452,Traditional,777.0,34.13185,4681 Marwood Dr,20850825,CA
2076735505,2021-12-07,0.99 Acres,True,Los Angeles,17900000,5,True,-118.3789,0.77,True,,False,FOR_SALE,8472,,SingleFamily,3.0,76816.0,['Central'],,True,Hilton & Hyland,8,,10000.0,16393600.0,412,90069,75180,Modern,1790.0,34.101,1 Bode Dr,2076735505,CA
20533585,2022-06-16,2.24 Acres,True,Beverly Hills,33000000,7,True,-118.418915,0.77,True,,True,FOR_SALE,11550,322891.0,SingleFamily,,107450.0,['Central'],2013-10-30,True,The Agency,10,1992.0,13835.0,28921697.0,310,90210,138600,French,2385.0,34.116165,24 Beverly Park Ter,20533585,CA
20530549,2022-07-27,0.70 Acres,True,Los Angeles,10000000,6,True,-118.47283,0.77,True,,False,FOR_SALE,3120,92431.0,SingleFamily,3.0,32790.0,"['Central', 'Natural Gas', 'Fireplace(s)', 'Forced Air', 'Zoned']",2014-08-01,True,Berkshire Hathaway HomeServices California,6,1990.0,9350.0,9411764.0,110,90077,42000,Modern,1070.0,34.11397,2496 Lancelot Ln,20530549,CA
63091177,2022-04-21,0.73 Acres,True,Beverly Hills,25800000,6,True,-118.425705,0.77,True,,True,FOR_SALE,7035,307220.0,SingleFamily,,96154.0,['Central'],2015-09-29,True,The Agency,10,2015.0,10485.0,23282926.0,355,90210,108360,Contemporary,2461.0,34.09541,9945 Beverly Grove Dr,63091177,CA
2062985739,2022-06-04,2.22 Acres,True,Los Angeles,77000000,12,True,-118.44743,0.77,True,,False,FOR_SALE,17046,,SingleFamily,,,['Central'],,True,Compass,18,,28720.0,,303,90077,323400,Architectural,2681.0,34.07904,0 Perugia Way,2062985739,CA
20235010,2022-07-21,"10,023 sqft",True,Porter Ranch,1095000,4,True,-118.54403,0.77,True,,False,FOR_SALE,5773,8802.0,SingleFamily,,4099.0,['Central'],2016-02-09,True,Compass,2,1972.0,2006.0,1188100.0,247,91326,4599,Ranch,546.0,34.279297,18824 Dukas St,20235010,CA
145645575,2022-07-28,"1,245 sqft",True,Los Angeles,1250000,3,False,-118.32265,0.77,False,,False,FOR_SALE,2056,13963.0,SingleFamily,,5994.0,['Central'],2017-04-12,,Keller Williams Realty Los Feliz,4,2016.0,1920.0,1274999.0,121,90068,5250,Contemporary,651.0,34.106,1926 Carmen Ave,145645575,CA
20151741,2022-07-30,0.69 Acres,True,Northridge,2395000,6,True,-118.509384,0.77,True,,False,FOR_SALE,944,13590.0,SingleFamily,2.0,4500.0,"['Central', 'Natural Gas']",2022-02-10,True,Citizen Realty,6,1950.0,4818.0,2395023.0,54,91325,10059,,497.0,34.230286,17220 Gresham St,20151741,CA
20454480,2022-07-20,"2,495 sqft",True,Los Angeles,1295000,2,False,-118.45122,0.77,False,,False,FOR_SALE,6043,10472.0,SingleFamily,,4400.0,['Wall'],2021-08-23,,Pardee Properties,2,1950.0,952.0,1289729.0,265,90066,5439,California Bungalow,1360.0,34.00399,1830 Walgrove Ave,20454480,CA
20446177,2022-07-29,"6,638 sqft",True,Los Angeles,2750000,4,True,-118.42887,0.77,True,,False,FOR_SALE,928,15622.0,SingleFamily,,4680.0,['Central'],2021-02-25,,Rodeo Realty - Beverly Hills,5,1947.0,2500.0,2789336.0,85,90066,11550,Contemporary,1100.0,33.993557,4231 Kenyon Ave,20446177,CA
20739103,2022-06-17,"4,477 sqft",True,Los Angeles,1150000,2,False,-118.26746,0.77,False,,False,FOR_SALE,4866,10482.0,SingleFamily,,3913.0,['Wall'],2021-06-23,,Compass,2,1923.0,997.0,1232000.0,265,90026,4830,Bungalow,1153.0,34.080883,2416 Reservoir St,20739103,CA
21314123,2022-07-29,"5,917 sqft",True,San Pedro,1650000,2,True,-118.28915,0.77,True,,False,FOR_SALE,1193,1474.0,SingleFamily,1.0,2856.0,"['Floor Furnace', 'See Remarks']",1977-12-21,False,Keller and Associates Realty,2,1912.0,1040.0,1675126.0,49,90731,6930,Craftsman,1587.0,33.70673,539 Shepard St,21314123,CA
20967429,2022-06-26,"6,508 sqft",True,Los Angeles,489000,3,False,-118.23663,0.77,True,,False,FOR_SALE,3361,800.0,SingleFamily,1.0,2949.0,,,False,Berkshire Hathaway H.S.C.P.,1,1951.0,1100.0,495996.0,113,90002,2054,,445.0,33.942066,10334 Grape St,20967429,CA
20538342,2022-04-01,0.45 Acres,True,Los Angeles,23500000,6,True,-118.489075,0.77,True,,True,FOR_SALE,10176,126003.0,SingleFamily,3.0,37791.0,['Central'],2020-10-13,True,Douglas Elliman,8,1986.0,9385.0,21746268.0,408,90049,98700,Traditional,2504.0,34.0636,441 N Bristol Ave,20538342,CA
20442213,2022-07-05,"4,382 sqft",True,Los Angeles,1180000,3,False,-118.42185,0.77,True,,False,FOR_SALE,10529,11531.0,SingleFamily,2.0,4949.0,['Central'],2017-08-18,,Rodeo Realty - Pacific Palisades,2,1957.0,1254.0,1188932.0,509,90066,4956,Bungalow,941.0,33.990685,12429 Culver Blvd,20442213,CA
20068163,2022-07-26,0.26 Acres,True,Sylmar,975000,5,True,-118.46559,0.77,True,,False,FOR_SALE,1445,3342.0,SingleFamily,2.0,3145.0,['Central'],2021-11-12,False,Park Regency Realty,3,1964.0,2062.0,975108.0,50,91342,4095,,473.0,34.32141,15249 Dorian St,20068163,CA
19992212,2022-04-11,0.81 Acres,True,Encino,25000000,8,True,-118.48019,0.77,True,,True,FOR_SALE,9951,65023.0,SingleFamily,17.0,23636.0,['Central'],2020-01-27,True,Rodeo Realty,14,2022.0,21097.0,7514100.0,479,91436,105000,,1185.0,34.149628,15930 Woodvale Rd,19992212,CA
20544250,2022-07-27,0.31 Acres,True,Pacific Palisades,3695000,3,True,-118.53832,0.77,True,,False,FOR_SALE,2499,23399.0,SingleFamily,2.0,9223.0,['Central'],2002-11-19,,Berkshire Hathaway HomeServices California,4,1962.0,2796.0,3728100.0,95,90272,15519,Mid-Century,1322.0,34.05473,1336 Las Canoas Rd,20544250,CA
119677746,2022-06-03,0.97 Acres,True,Los Angeles,38500000,5,True,-118.449265,0.77,True,,True,FOR_SALE,8357,203698.0,SingleFamily,,124420.0,['Central'],2012-05-14,True,Sotheby's International Realty,9,2018.0,14438.0,34605746.0,354,90077,161700,Architectural,2667.0,34.08132,642 Perugia Way,119677746,CA
20546194,2022-06-17,"10,145 sqft",True,Pacific Palisades,15395000,6,True,-118.502174,0.77,True,,False,FOR_SALE,9181,84774.0,SingleFamily,3.0,63741.0,['Central'],2017-01-24,True,Compass,9,2022.0,8169.0,14924597.0,395,90272,64659,Modern,1885.0,34.06186,1635 Casale Rd,20546194,CA
20805886,2022-05-06,"2,792 sqft",True,Los Angeles,2300000,3,True,-118.31901,0.77,False,,False,FOR_SALE,12289,37359.0,SingleFamily,,7058.0,['Central'],2018-11-07,,Keller Williams Studio City,3,1926.0,2298.0,2306068.0,645,90068,9660,Spanish,1001.0,34.114243,2643 Hollyridge Dr,20805886,CA
20848098,2022-07-29,"5,998 sqft",True,Los Angeles,1089000,3,True,-118.23433,0.77,True,,False,FOR_SALE,1439,4373.0,SingleFamily,2.0,3200.0,['Central'],1995-12-01,,Nourmand & Associates-HW,2,1934.0,1880.0,1229500.0,129,90065,4574,Tudor,579.0,34.131348,3243 Terzilla Pl,20848098,CA
20809000,2022-07-08,0.60 Acres,True,Los Angeles,5500000,5,True,-118.293396,0.77,False,,False,FOR_SALE,12283,28506.0,SingleFamily,,17543.0,['None'],2020-12-10,,The Agency,7,1925.0,9043.0,5427700.0,429,90027,23100,Spanish,608.0,34.115685,2475 Glendower Pl,20809000,CA
19931264,2022-06-02,0.31 Acres,True,Woodland Hills,1250000,3,True,-118.587494,0.77,False,,True,FOR_SALE,2708,7098.0,SingleFamily,,5354.0,['Floor Furnace'],2002-09-17,True,Shell Properties,3,1960.0,2146.0,1250010.0,100,91367,5250,Modern,582.0,34.1748,20859 Miranda St,19931264,CA
20533944,2022-07-28,0.57 Acres,True,Beverly Hills,4495000,5,True,-118.40272,0.77,True,,True,FOR_SALE,2345,54728.0,SingleFamily,,17715.0,['Central'],2017-07-11,True,Compass,5,1991.0,4500.0,4495039.0,100,90210,18879,Mediterranean,999.0,34.118538,2468 Coldwater Canyon Dr,20533944,CA
20043450,2022-06-16,"8,000 sqft",True,Studio City,1699000,3,True,-118.372765,0.77,True,,False,FOR_SALE,7619,13205.0,SingleFamily,2.0,5556.0,['Central'],2021-12-17,False,THE Brokeredge,2,1936.0,1783.0,1705801.0,430,91602,7136,Craftsman,953.0,34.15109,11110 Landale St,20043450,CA
20024704,2022-06-08,0.30 Acres,True,North Hollywood,3995000,5,True,-118.38368,0.77,True,,False,FOR_SALE,7560,44635.0,SingleFamily,2.0,16026.0,['Central'],2020-09-25,True,Hilton & Hyland,5,2020.0,5180.0,3995007.0,353,91602,16779,Contemporary,771.0,34.152397,11541 Landale St,20024704,CA
20794875,2022-07-18,"5,549 sqft",True,Los Angeles,2499000,3,True,-118.36191,0.77,True,,True,FOR_SALE,10605,21527.0,SingleFamily,2.0,7385.0,['Central'],2011-06-21,True,Compass,3,1926.0,2123.0,2561487.0,382,90046,10496,Spanish,1177.0,34.10202,7906 Hillside Ave,20794875,CA
20092309,2022-07-21,0.46 Acres,True,Tujunga,1000000,4,True,-118.30202,0.77,True,,True,FOR_SALE,2777,8336.0,SingleFamily,2.0,3925.0,"['Central', 'Fireplace(s)', 'Forced Air']",2014-10-30,True,Re/Max Tri-City Realty,2,1961.0,1860.0,1177900.0,148,91042,4200,Ranch,538.0,34.27345,11261 Denivelle Pl,20092309,CA
